rows_returned,has_group_by,num_joins,has_subquery,query_type_AGGREGATE,query_type_GROUP BY,query_type_JOIN,query_type_SELECT,predicted_runtime
992,1,4,0,0,0,1,1,-0.001129671472066912
271,0,4,1,1,0,0,0,0.006632568994063534
3700,1,1,0,1,1,0,1,0.008036335629844314
573,1,1,1,0,1,1,0,-3.387879356509232e-05
1255,0,3,1,0,0,1,0,0.0015113187241549576
2756,1,0,1,1,0,1,1,0.0065235917763872345
1367,1,3,1,1,1,1,1,0.0028561771841906385
289,1,0,1,0,1,0,0,0.002503295142214283
3577,1,4,1,1,0,0,1,0.007410425339591222
2917,0,2,0,1,1,0,0,0.00880449776166798
2957,0,4,1,1,1,1,0,0.005558289527821014
414,0,5,1,1,0,0,1,0.005327330233229709
4575,1,3,1,0,0,0,1,0.004559034477642737
4650,1,0,1,0,1,1,0,0.003798978160151515
2950,1,4,0,0,1,1,1,-0.0005388075257815291
215,1,2,0,0,0,1,1,-0.0007425540002197525
1566,1,1,1,1,0,1,1,0.0050435853331999006
3884,1,5,1,1,0,0,1,0.007150445641905212
3398,1,4,0,0,0,1,0,0.001742775275392171
4942,0,3,1,1,0,0,1,0.010037922578079223
1940,1,1,1,0,0,0,0,0.0043435191760287095
2259,0,1,0,1,1,1,0,0.006519969411959066
2864,1,0,0,1,0,0,0,0.009781661568680784
2564,1,3,0,1,0,1,0,0.0057481808486779615
1749,1,5,1,0,1,0,1,0.00023067091084324337
2560,0,1,1,0,0,0,0,0.005853676572363503
4456,1,3,1,0,0,1,1,0.0022036020514611112
3844,0,0,1,0,0,0,0,0.00741029124138726
1701,0,1,1,1,0,0,0,0.009328528714158046
2917,1,2,0,0,1,1,1,0.00045465590374965583
3806,1,0,0,1,0,1,0,0.008290924117099627
4542,1,4,0,0,1,0,0,0.003928694257376393
4452,0,1,0,0,1,1,1,0.0032206999336439517
3442,1,0,0,1,0,0,0,0.01025272065946219
4870,1,2,1,1,0,0,1,0.009484553742091516
1742,1,0,1,0,0,0,1,0.0037807296579428972
3580,0,2,0,1,0,0,1,0.009438097187920278
4428,0,2,0,1,0,0,0,0.011040803341196954
4734,1,0,0,0,0,0,0,0.007130755345190742
3741,1,0,1,0,0,1,0,0.004063029414955571
900,0,3,0,1,0,0,0,0.0076553710256100915
57,0,3,1,1,1,1,0,0.0037050231659980486
2095,1,1,1,0,1,1,1,0.0002949203215871811
2981,1,4,0,0,0,0,1,0.00274977565958397
183,0,0,1,1,1,1,0,0.0053382474978936785
3347,0,5,1,0,1,1,0,0.0011910323346270152
1205,0,5,1,1,1,0,1,0.004967111205567166
584,0,0,0,0,1,1,0,0.0014901340004280562
673,0,0,0,1,0,0,1,0.008089304861559142
886,1,2,1,1,0,1,1,0.003979219264231454
3196,0,2,1,1,1,1,0,0.006773427823602272
121,0,2,1,0,0,0,0,0.0033557587029028535
3798,1,0,0,0,1,0,0,0.005363063913065416
4188,0,5,1,1,1,1,0,0.006051352390484517
1857,0,0,1,0,0,1,1,0.0026208719134911806
402,1,2,1,1,1,0,0,0.005749951131715947
87,0,0,1,0,0,1,0,0.002089957479110899
4945,0,5,0,1,1,0,1,0.008015140616505677
4534,1,1,1,1,0,1,0,0.00837405147342568
2178,0,2,0,0,1,0,1,0.0031157036221572203
152,0,3,0,1,0,1,1,0.0038757133127281344
688,0,5,1,1,1,1,0,0.003198918449766658
3679,1,5,1,0,0,1,1,0.0005500039099352221
398,1,3,1,1,1,1,0,0.002978062631671787
1164,1,1,0,0,1,1,0,0.0004477750518532661
46,1,1,0,0,0,1,1,-0.00037010690715686724
3979,0,5,0,1,0,0,1,0.008232737947132328
4530,0,5,1,0,0,0,0,0.005418473777051649
4993,0,2,0,0,0,0,1,0.0064147445898850766
3349,1,5,1,1,1,0,1,0.005709561641273561
441,1,2,1,1,1,0,0,0.005781735395626803
2878,1,4,0,0,1,1,0,0.00031411599164931064
2305,1,0,0,0,1,1,0,0.0018878474198705504
1372,0,3,0,1,0,0,1,0.007128439958547007
3728,1,1,0,0,1,1,0,0.0025373866587105774
4648,1,0,1,0,0,0,0,0.007060666968361675
1966,1,2,1,0,1,0,1,0.0019380585251975368
2780,0,0,1,0,0,1,1,0.0033730994927147753
444,0,2,0,0,0,1,1,0.0004489457758805604
3744,0,0,0,1,1,1,0,0.00824039528729262
2117,1,5,1,1,0,0,0,0.0066219761509026896
1267,0,5,1,1,1,0,1,0.005017640035374168
3878,0,3,0,1,1,0,1,0.008165913561836215
3715,1,3,1,0,1,1,1,0.0005948319388900652
2853,1,2,0,1,1,1,0,0.005489020199147147
742,1,4,1,0,0,1,0,-0.00042181459504972343
1967,1,2,1,0,0,1,0,0.0015968950908880515
2605,1,5,1,0,0,1,1,-0.0003252858193022014
2766,1,4,0,0,0,1,0,0.001227707203811118
4072,1,1,1,0,1,0,1,0.004164587679727031
3284,0,0,1,0,1,1,1,0.0027789808819133686
3450,0,2,0,0,1,0,0,0.005063961772823718
4713,1,3,0,0,0,0,0,0.005583104031516648
827,0,4,1,1,1,1,0,0.0038223797296127156
2714,1,0,1,1,0,0,0,0.009659414399792874
1112,1,4,0,0,1,0,0,0.0011333089954728912
851,0,4,0,0,1,0,0,0.0019254680198727038
4104,0,2,1,1,1,1,1,0.00660182852744004
2035,0,1,1,0,0,0,1,0.004514209322758788
4851,1,3,1,1,0,0,0,0.009870492355852821
2776,0,1,0,0,1,0,0,0.005024843397297312
3672,0,5,0,1,0,1,0,0.006635691227774892
3358,1,3,1,1,0,0,1,0.007742123376358138
3980,1,5,0,0,0,1,1,0.0007953132288369578
4337,1,3,1,0,1,0,1,0.003360199871409144
498,0,0,1,1,1,1,1,0.00468336439406125
4344,1,2,0,1,0,1,0,0.007709026156157733
3606,1,3,1,0,0,0,0,0.004680919925123886
2880,0,3,1,1,1,1,1,0.005094112725971447
181,0,3,1,1,1,1,0,0.0038060808256120534
467,0,4,1,0,1,0,1,0.0007009131090226226
3373,1,5,1,0,1,0,1,0.0015542002593363297
3768,1,2,1,1,1,1,0,0.006234727929363387
2563,1,0,1,0,1,0,0,0.004356562222554972
827,1,5,0,0,1,0,1,-0.000520741687254433
212,0,1,1,1,1,0,0,0.007110152719399298
957,0,4,1,1,0,1,0,0.004933196374247014
1056,1,1,1,0,1,1,0,0.0003597570902539723
918,1,2,1,0,1,1,0,-0.000262889208466165
2884,0,1,1,1,0,1,1,0.007122599555426427
3356,1,0,0,1,0,1,0,0.007924182610435903
4193,0,1,0,1,0,1,1,0.008189409849254906
1252,0,4,1,1,1,1,0,0.004168746708128456
1216,0,2,0,0,0,1,0,0.001989713363587364
4201,0,2,0,1,1,0,0,0.009850933527348475
2244,0,5,0,1,0,0,1,0.006818745693662189
3294,0,4,0,1,0,0,0,0.009096256937717845
2766,1,3,1,1,1,1,0,0.004907937937848899
1687,1,5,0,0,0,0,1,0.00118501117930102
1798,0,3,0,1,1,1,1,0.004212303147726668
4907,1,2,1,0,1,0,1,0.004334918016526457
162,0,0,1,0,1,0,0,0.0034046616374872937
846,0,2,0,0,1,1,1,-0.00022830090976462374
2667,1,2,1,0,1,1,1,0.0002509106222698086
2234,0,2,1,0,1,0,0,0.004072944723705741
4782,0,1,0,1,1,1,0,0.008576166792653684
4750,1,0,0,1,0,0,0,0.011318715972164748
625,1,1,0,1,1,0,1,0.005530268667642196
1674,1,1,1,0,0,0,0,0.004126734196534152
950,0,5,1,0,0,0,0,0.0025008413462602394
1374,1,3,1,0,1,0,0,0.0018570129538070324
2225,0,3,1,0,0,0,0,0.004560300088493984
4678,0,4,1,1,0,1,0,0.00796574114379306
2703,0,2,1,0,0,1,0,0.003201590297829494
2376,1,0,0,1,1,0,1,0.007467479522470307
1611,0,3,1,0,0,0,0,0.0040599016771794795
527,0,4,0,1,0,1,1,0.0036711523316046426
3712,1,0,0,1,0,1,1,0.0073027137327661695
1197,1,0,1,0,1,1,1,7.324617385483234e-05
2785,1,5,0,0,1,0,1,0.0010749913572957294
1778,0,5,0,0,1,1,1,-0.0009992752104375415
3347,0,0,1,0,0,1,1,0.0038351937911110688
2782,0,1,0,1,0,0,0,0.010209523311276905
1415,0,4,1,0,1,0,1,0.0014735152163942028
4177,0,3,1,1,0,1,1,0.007156012344553672
934,1,2,0,0,1,1,0,-0.0002498495104514553
919,1,0,1,0,1,0,1,0.0021051310930464617
1620,1,2,0,1,1,1,0,0.004484148470888542
2264,0,0,1,1,1,1,0,0.0070342232209319264
354,1,0,1,0,1,1,0,0.00029781924320182365
3468,0,4,1,0,0,0,1,0.004151540566171485
2768,0,1,0,1,1,0,0,0.009193244477249254
1589,1,3,1,1,0,1,1,0.0040419720924095215
3153,0,3,1,0,0,0,1,0.00440500041485014
2916,1,1,1,0,1,1,0,0.0018756219844640342
1983,1,3,1,1,0,0,0,0.007533126486716016
2044,0,2,0,0,0,0,1,0.004011365249548801
2813,1,1,0,0,1,1,0,0.001791678928494337
1988,1,0,0,1,1,1,1,0.004892817173416366
3796,0,2,1,1,0,1,0,0.008267285597418683
4971,0,5,1,1,1,0,1,0.008036330125779582
1259,0,1,1,0,0,0,0,0.00479338612754238
4759,1,0,1,1,0,1,0,0.009067601130100805
3794,1,3,0,1,1,0,1,0.007092586048994213
4810,0,0,0,1,0,1,1,0.009202432107290432
864,0,3,0,1,1,0,0,0.006621162606812215
1480,0,4,0,1,1,0,1,0.0057014099185382595
4926,0,2,0,0,0,0,1,0.0063601408544484775
739,1,4,0,1,0,0,0,0.006009111062729035
3365,0,4,0,1,0,0,1,0.008242518439161085
3004,0,5,1,0,0,0,1,0.0032632104204016275
798,1,0,0,0,0,1,1,0.0007529378028777751
1790,1,2,1,1,1,1,1,0.0037110931037978023
4874,0,1,1,1,0,1,1,0.008744411996006009
2210,0,4,1,0,0,1,0,0.0017794467960647112
1298,1,1,1,1,1,1,0,0.004731903451685761
2444,0,1,1,0,1,1,1,0.0015842178327978205
452,0,0,0,1,0,1,0,0.006562346519030773
2638,1,0,0,0,1,1,0,0.0021592361348017064
3522,0,4,0,0,1,0,0,0.00410228260720339
1784,0,4,0,1,0,0,0,0.007865635437579569
3579,0,1,1,0,0,0,0,0.00668414233967536
4963,1,0,0,0,1,1,1,0.0031424650940672485
2403,1,3,1,1,0,0,1,0.0069638164011051225
1622,0,0,1,0,1,0,0,0.0045945340813296
4064,0,3,0,0,0,0,1,0.005147448220562703
3831,0,0,0,0,0,0,0,0.0073996964867503075
4300,0,0,0,1,0,0,0,0.011956843563765798
2854,1,3,1,1,0,0,1,0.007331372888894767
257,1,0,1,1,0,0,1,0.006745403614911902
3790,0,5,1,1,1,1,1,0.004815387743871566
2615,0,5,1,0,0,1,0,0.0015993352487188015
2549,1,0,0,0,1,1,0,0.002086702814594881
3455,0,2,1,0,1,0,0,0.005068036678453315
4478,1,2,1,0,1,0,1,0.00398529111350704
2152,0,3,1,1,1,1,0,0.005412408624799168
4593,0,5,1,0,1,0,0,0.0044649484897197915
4126,0,4,0,0,1,1,1,0.0014244793765644448
3694,0,2,0,1,0,0,1,0.00953100503627509
4039,0,2,1,0,1,0,1,0.0046323834974932015
4560,0,1,0,1,0,1,0,0.009400110080964356
1052,0,2,0,0,0,0,0,0.004114506131133804
1345,0,0,0,1,1,0,1,0.007632103079912191
3690,1,4,0,0,0,1,0,0.0019807497641606323
3326,1,0,1,1,0,1,0,0.00789973317665832
3987,0,1,1,0,0,0,0,0.007016654639050469
4617,1,5,1,1,0,1,0,0.006400979293503941
846,1,2,0,1,1,1,1,0.0029417509209299
3467,1,5,1,1,0,1,0,0.005463750998696644
2672,0,1,0,1,1,1,0,0.006856556616963773
3309,1,4,1,0,0,1,0,0.001670241955185346
1051,0,5,1,0,1,1,1,-0.001591766488980937
1606,1,5,1,1,1,0,0,0.005200651697293103
1233,1,5,0,0,0,0,1,0.0008150097481336178
4355,0,0,1,1,0,0,0,0.012001667525691364
3004,0,4,0,1,1,1,0,0.005596593640739224
3757,1,1,0,1,1,1,0,0.006735942040321536
289,0,1,1,0,0,0,1,0.003091252276903537
4746,1,3,0,0,1,0,0,0.00460512931040721
4875,0,1,1,1,1,0,0,0.010910409709561406
2601,1,2,1,0,1,0,0,0.003367173698653384
1710,1,1,1,1,0,1,0,0.006072544773829328
3996,1,3,0,1,0,0,1,0.008262081334694707
4979,1,0,1,1,0,0,0,0.01150534665000029
2068,1,3,0,0,0,1,0,0.001169029281262647
3242,0,3,1,0,0,1,1,0.0022190840628597466
2663,0,2,1,1,1,0,1,0.007685890397187421
744,1,5,1,0,0,1,0,-0.0009303635361411471
3359,0,4,1,0,1,1,0,0.0017109910114813092
1358,0,2,0,0,1,1,0,0.0011005715852031384
3291,0,3,1,0,0,1,1,0.0022590181380297966
2504,0,1,1,1,1,1,1,0.005808037629312281
1387,1,2,0,1,1,0,1,0.005641105382249508
4756,0,1,0,1,1,1,0,0.008554977283379778
3235,1,2,0,1,1,0,0,0.008058792661445574
2720,0,5,1,0,1,1,0,0.0006800391686755582
1947,0,4,1,1,1,0,0,0.00699360826283965
2816,0,1,0,1,0,0,1,0.009325630511061127
2891,0,2,1,0,0,0,1,0.004701654263202523
1848,0,0,1,0,1,0,1,0.0038671176572903465
3002,0,3,0,1,1,0,0,0.008363592254027868
4253,1,3,0,0,0,0,1,0.004296610555096694
351,0,4,1,0,1,1,1,-0.0016520743737812454
4949,1,1,0,1,1,0,1,0.009054247056117631
3546,1,5,0,0,1,0,0,0.002606794152617419
3225,0,1,1,1,1,1,0,0.0073072411795971955
1028,1,1,1,1,0,1,0,0.005516727645952305
2390,0,1,0,1,1,0,0,0.008885181611651725
1109,1,0,1,0,0,1,0,0.0019179990915357409
2431,0,0,1,1,0,1,0,0.008175194167225243
1782,0,2,1,0,1,0,0,0.003704573254790178
1507,1,1,0,0,0,1,1,0.0008205805178113593
4811,0,5,0,1,1,1,1,0.005647483473435261
4870,1,2,0,0,1,0,0,0.005216365873364476
3567,1,5,0,0,0,0,0,0.003628777854526505
882,0,5,0,0,0,1,1,-0.0007246292009965346
2830,1,1,1,1,0,0,1,0.008332171148559227
1831,0,0,0,1,0,0,0,0.009944655163870829
1149,1,5,0,1,1,1,0,0.0025697556505507235
3813,1,5,1,0,0,0,1,0.002917661053005639
4313,0,1,0,1,0,1,1,0.008287207584365233
2208,1,0,1,1,1,1,0,0.005983715179615667
2661,1,2,1,1,1,1,1,0.00442094166447359
3309,1,3,1,1,1,0,1,0.00669732020292331
4450,0,0,1,1,0,1,0,0.009820641060456487
657,0,2,0,0,1,0,0,0.0027877194881308666
2217,1,3,1,1,1,0,0,0.006718962971916374
1811,0,5,0,0,1,1,0,-6.077867478516616e-05
4308,0,4,1,0,0,0,1,0.004836124711943771
131,0,0,0,1,0,0,1,0.007647585091310832
526,0,0,0,1,1,1,0,0.0056177860240840295
1009,1,1,1,0,1,0,0,0.00257990264953298
1471,1,4,0,1,1,1,0,0.003342358476440028
715,0,5,1,0,0,1,0,5.087110947196369e-05
4660,0,4,0,0,0,1,0,0.0037761505545672123
3209,0,3,0,1,1,0,0,0.00853229334709318
1057,1,3,1,1,0,0,1,0.005866851805617627
2411,0,0,1,0,1,1,1,0.0020675023589857427
3668,1,0,0,1,0,1,0,0.008178456721722752
1873,1,2,1,1,0,1,1,0.0047836056355138904
2155,1,2,0,0,1,1,1,-0.0001663597142009185
61,1,3,0,1,1,1,0,0.002703413992236953
4440,0,5,0,1,0,1,0,0.0072615967324809825
4124,1,1,0,1,0,0,0,0.01029835888399595
436,0,5,1,0,1,0,0,0.0010770719492728953
3796,0,5,1,1,0,0,0,0.008995198559586115
4074,0,3,0,0,1,0,1,0.004150728933557118
2147,1,4,0,0,0,1,0,0.0007232338868670167
4725,0,2,1,0,1,0,0,0.006103062708370938
2257,0,0,1,0,0,1,1,0.0029468643638589356
1229,1,2,0,1,1,1,1,0.003253888692157026
1973,1,1,1,0,0,0,1,0.0034588113946870135
108,0,2,1,1,0,1,1,0.004350033046530943
3425,0,4,0,1,0,0,1,0.008291417306716248
3229,0,5,1,0,1,1,0,0.0010948645617685267
1423,0,0,1,0,1,0,0,0.004432352837271642
3205,0,2,1,0,0,0,1,0.00495755833674121
2787,1,5,1,1,0,0,0,0.007168013505268679
2537,1,3,0,0,1,1,1,-0.00036521582744297384
4353,1,2,0,1,1,0,0,0.00896994156022345
4543,0,5,0,1,0,0,1,0.008692387302150863
4269,0,5,1,0,1,0,1,0.003289292446424874
3787,0,4,0,1,1,0,0,0.008493173534531325
1685,1,5,1,0,1,0,0,0.001090114277281438
3678,0,3,1,1,0,0,1,0.009007786434917116
1193,1,2,1,1,1,1,1,0.003224549371623928
3341,0,2,0,0,0,1,0,0.003721548256166064
2576,0,1,0,0,0,1,1,0.002696664439683958
4121,1,2,0,0,1,1,0,0.0023474953378536346
980,1,1,1,0,1,0,1,0.0016446660383842822
4813,0,1,1,1,1,0,0,0.010859880879754404
3515,1,2,1,0,0,0,0,0.005116935546008484
267,1,5,0,0,1,1,0,-0.002323978631469473
3144,1,2,1,0,1,0,1,0.002898106291530576
2458,0,1,1,0,1,1,1,0.0015956275685606917
168,1,0,1,0,0,1,0,0.0011511018520455963
245,0,1,1,0,1,0,0,0.002962126167595341
1466,0,4,0,1,0,1,1,0.004436419608842948
4300,0,0,1,1,0,0,1,0.011045241405268762
4660,0,2,0,1,0,0,1,0.010318276803913217
4028,0,5,1,1,1,1,1,0.0050093532518403795
2743,0,3,0,1,1,1,0,0.005894062470217527
3803,0,5,1,1,0,1,1,0.0058308515967732955
3938,0,1,0,1,0,0,0,0.011151641492839717
653,1,2,1,1,1,1,1,0.002784459563627458
1908,1,3,0,1,0,0,1,0.006560400743775026
3217,0,1,0,1,1,0,1,0.008647568844290025
3732,0,0,1,1,1,0,0,0.010489065185978808
1904,0,2,1,0,1,1,1,0.0006339491214580883
2916,0,1,0,0,0,0,1,0.0052322076946937695
1578,1,2,1,0,0,0,0,0.003538317105102629
3167,0,2,0,1,0,1,0,0.007754662469215388
3219,1,3,0,0,1,0,1,0.0024490509726312684
1066,1,4,1,0,1,1,0,-0.00116262980851662
761,0,3,1,0,1,1,0,0.00010384894968600185
3006,1,1,0,0,1,0,0,0.004207419957993999
1392,0,3,0,0,1,1,0,0.0006181020401411354
4380,0,4,0,1,1,1,1,0.005806405511507267
1609,0,3,1,0,1,0,1,0.002141800458165826
2996,0,0,0,0,0,1,0,0.004460737574410399
3035,1,0,0,1,0,1,0,0.007662573669015779
1635,0,2,0,0,0,0,1,0.003678037969047771
267,0,2,1,0,0,1,1,0.0003046941165928286
3802,1,2,0,1,1,0,0,0.008520886959841868
149,0,0,1,0,1,1,0,0.0011356172106531223
4301,0,0,0,1,1,1,1,0.007782737615932683
2711,0,0,0,1,0,0,1,0.009750236396182855
3470,1,1,1,1,1,0,1,0.007848889970882856
2564,1,3,1,1,1,1,1,0.003831709591916147
4890,1,1,0,0,0,1,0,0.004489263825293684
4697,1,1,1,0,0,0,1,0.005678819981691427
4003,1,5,1,1,0,0,1,0.00724742839588962
2922,0,3,0,1,0,0,1,0.008391660703722058
1623,0,1,0,0,1,0,1,0.003173568000615222
1128,1,2,1,1,1,1,0,0.004083177756936203
584,0,3,1,1,0,0,1,0.006486234831322529
2375,0,5,0,0,0,1,0,0.001403739778498148
4164,0,4,1,1,0,1,0,0.007546840845070494
4637,0,2,1,1,0,1,0,0.008952684724316888
1882,0,1,1,0,0,1,1,0.002131067538295903
1860,0,0,1,1,0,1,1,0.006798237785828236
973,0,4,1,0,1,0,0,0.002024895717234869
1082,0,2,1,0,0,1,1,0.0009689037342171299
2746,0,4,1,1,1,1,0,0.005386328510252022
4356,0,0,1,1,0,0,1,0.011090880348320249
769,1,3,0,0,1,1,0,-0.0008945002995714166
2977,0,3,0,0,1,0,1,0.0032566946384235494
2438,1,2,1,0,0,1,0,0.0019807512011960834
2020,1,1,1,1,0,1,1,0.005413586764367303
1220,1,4,1,1,1,1,1,0.0022261960553372263
2244,1,0,0,1,1,1,1,0.005101452341651729
598,1,2,1,0,0,0,0,0.0027396356017016284
1406,1,1,1,0,1,0,1,0.001991847998025942
1190,1,2,1,1,1,1,1,0.0032221044282461694
2020,1,4,1,1,0,1,0,0.004794652212834552
3131,0,5,0,1,0,1,0,0.006194786438652502
528,1,1,1,1,1,0,1,0.005451215498428016
2095,0,2,0,0,1,0,1,0.003048060188705911
165,0,4,1,0,1,1,1,-0.0018036608632022513
434,1,4,0,1,0,1,1,0.0025904899886293664
1127,1,5,0,0,1,1,1,-0.0025346970216758354
1755,0,0,1,0,1,0,1,0.0037913244125798435
933,0,5,0,1,1,1,0,0.0033985888256169083
3666,1,4,1,1,1,1,0,0.005131242047833086
2568,1,2,0,0,0,1,1,0.0011750965890685678
511,1,5,0,0,0,0,0,0.0011381955337168548
351,0,1,1,0,0,0,0,0.0040533832652075745
1593,1,4,0,0,0,0,1,0.0016185818568078595
4081,0,0,0,1,1,1,0,0.008515043926727453
1356,1,0,1,0,1,1,1,0.0002028281728760151
2330,0,2,0,1,1,1,0,0.006067654168556081
2986,1,2,1,1,1,0,1,0.00694426020259461
2705,1,5,0,1,1,1,1,0.002926264123984256
1032,1,0,1,0,0,1,1,0.0009436433863429117
3958,0,1,0,1,1,0,1,0.00925146985859629
4040,1,2,0,1,1,1,0,0.006456402795613462
4536,0,4,1,1,0,0,0,0.010108463496109724
3872,0,3,0,1,0,1,1,0.006907443101148258
1643,0,3,0,1,0,1,1,0.005090850171473942
2874,0,1,0,0,1,1,0,0.0028462618754401927
3438,1,1,1,0,1,0,0,0.004559491804391174
2569,1,1,0,0,1,0,0,0.003851273205967226
1973,1,5,0,0,0,0,1,0.0014180957813139648
2393,1,3,0,1,1,0,1,0.005950797491581151
3575,0,4,0,1,0,1,1,0.006155214803406937
4439,0,4,1,1,1,0,1,0.00811293907013373
2317,0,5,0,0,1,0,0,0.0026100514471272644
802,0,0,1,1,0,1,1,0.005935987754605523
1848,0,5,0,1,0,0,1,0.0064960131677981115
2094,1,2,0,1,1,0,1,0.006217297038274516
2602,1,5,0,1,1,0,1,0.005100770740211778
4951,0,2,0,0,1,1,0,0.0040287987706315
3098,0,3,0,1,1,0,0,0.008441830442116128
1423,0,0,0,1,0,0,1,0.008700540705998683
4046,1,3,1,1,1,1,0,0.005951113779025716
4504,1,2,0,1,1,1,1,0.005922951879543022
2248,0,3,0,1,0,1,1,0.005583913752655172
181,0,2,0,1,1,1,0,0.004316259728955316
4889,1,0,0,1,0,0,1,0.010520396190170509
980,1,5,1,0,0,1,0,-0.000738027990424172
2269,0,2,0,1,0,1,0,0.007022809418139776
4632,0,4,1,0,0,1,0,0.0037533310830414695
3852,0,2,0,1,1,1,0,0.007308055442205389
2443,1,2,0,0,0,1,0,0.0019848261068256797
102,1,1,1,1,0,1,1,0.0038504529648539162
3335,0,0,0,0,0,0,1,0.006083863689797256
2415,1,1,1,1,0,0,0,0.008905556139799715
4655,1,4,1,1,0,1,1,0.006030525321135104
2872,0,0,0,0,0,0,0,0.006618129586993614
1553,1,0,0,1,1,1,0,0.005449902542138467
3455,1,2,0,1,1,1,1,0.005068036678453584
786,0,3,0,0,1,0,0,0.0023826731500312054
3621,1,0,1,0,0,0,0,0.006223681352042463
1889,0,3,1,0,0,1,1,0.0011164145994908142
1303,1,0,0,0,0,1,0,0.002076105429964102
1770,1,5,1,1,0,0,1,0.005427575541711626
2654,1,2,1,1,1,0,1,0.006673686468789373
581,0,2,0,0,0,0,1,0.002819047862328736
1225,0,1,0,1,0,1,1,0.005770545867526162
1828,0,4,0,1,0,0,0,0.007901494607120021
3440,0,3,0,0,1,0,1,0.003634030899724226
4307,1,4,1,1,0,0,1,0.008005361561512376
4116,0,0,1,0,1,0,0,0.006627097009372555
3438,1,4,1,0,1,0,1,0.0021173529358643516
4411,0,0,0,1,1,0,0,0.01104243737047807
2751,0,0,0,0,1,0,1,0.004603045613995554
4993,0,4,0,1,1,0,0,0.009476040772390107
1738,1,2,1,0,1,1,1,-0.0005062068437093033
520,0,2,0,0,0,1,0,0.0014224864999474699
3182,1,3,0,0,1,0,1,0.002418896670972251
1248,0,1,0,0,0,1,1,0.001614369504463011
785,0,0,0,0,0,1,0,0.002658814305002632
2677,1,2,0,1,1,1,1,0.0044339813624883
3919,1,1,1,0,0,1,0,0.0036979171520259593
3867,1,1,1,1,0,1,1,0.006918856903940412
4376,0,3,0,1,0,1,1,0.007318193588611629
4544,0,0,1,1,0,0,1,0.011244096799993093
1721,0,3,1,1,0,0,0,0.00832447052998991
1749,0,1,1,1,1,1,1,0.0051927268792431435
777,1,3,1,1,1,1,1,0.0023753383198982
2451,1,4,1,0,0,0,1,0.0023178356628466945
542,1,3,0,0,1,1,0,-0.0010795010151551168
2499,1,3,1,1,0,1,0,0.005695207075493201
3820,1,0,1,0,1,1,0,0.0031225438256384233
2464,1,5,0,0,1,0,0,0.0017249845743726412
469,1,2,0,0,1,1,0,-0.0006288157340039709
513,0,0,0,0,0,1,0,0.002437139438752558
4659,1,1,1,0,1,1,0,0.003296134086941528
1103,0,5,1,0,1,1,0,-0.0006377853119360916
2847,1,2,0,0,0,1,1,0.0014024763232000767
4256,0,3,0,0,1,1,1,0.0020406058262772272
687,0,4,1,1,1,0,0,0.005966732044181221
4784,0,3,0,1,1,0,0,0.009815888620416217
2900,0,0,0,0,0,0,1,0.005729346900022322
84,1,3,1,1,0,1,0,0.0037270276563978783
3744,1,4,1,0,0,0,0,0.004283208417157499
2844,0,0,0,0,1,1,1,0.0024203891865088377
237,0,5,1,0,1,1,1,-0.0022551611254793182
560,1,3,0,0,1,1,0,-0.0010648313548885686
1781,1,1,1,0,1,0,1,0.0022974659202457124
2102,1,2,0,1,1,0,0,0.007135419045778906
461,1,5,0,0,0,0,1,0.00018584431892385012
4881,0,4,1,1,1,1,0,0.007126313214089916
1920,0,3,0,1,0,0,1,0.007575049615550831
2650,1,5,1,0,1,0,1,0.0009649689052966121
2167,0,0,1,1,1,1,0,0.006955170051717745
3293,1,4,1,0,0,1,0,0.0016572022571706355
3878,0,4,0,0,1,0,0,0.004392415888030692
2230,1,3,1,1,1,1,0,0.004471108054356106
4998,0,0,0,1,1,0,1,0.010609229132895717
1659,0,4,1,1,1,0,1,0.005847291540077831
4641,1,1,0,1,0,1,1,0.007549652295402019
889,0,3,0,1,0,1,0,0.005387956561027758
3962,1,0,1,0,1,1,0,0.0032382711455189762
4713,0,1,0,0,1,0,0,0.006603461838203167
895,1,2,1,0,0,0,0,0.0029816849960996867
1953,1,4,1,1,1,0,0,0.005993629051330393
2366,1,3,0,1,1,1,1,0.0036703433289841077
37,1,1,0,1,1,1,1,0.0027926100934043767
163,0,0,0,1,0,1,0,0.00632681697364007
2074,0,5,0,1,0,0,0,0.007591801060752929
3556,1,1,1,0,1,0,0,0.0046556595772496625
4665,1,5,1,1,1,1,0,0.005435229289283293
1827,0,5,1,0,1,1,0,-4.7738976770454744e-05
479,0,5,0,1,1,1,0,0.003028587394449506
2637,0,1,0,0,1,1,1,0.0017415091901002624
4234,1,3,0,1,0,0,1,0.008456046842663522
4850,0,2,0,1,1,0,0,0.010379856278070159
2513,0,4,1,1,0,1,0,0.006201307006177582
4517,0,2,1,0,0,1,1,0.0037683639017502286
2370,1,3,1,0,1,0,0,0.0026687341552227434
3598,1,4,0,0,0,1,0,0.001905771500576049
2622,1,5,0,1,1,1,0,0.003770222849029982
1072,1,5,1,1,0,1,0,0.003511871202119709
4966,0,1,0,0,0,1,0,0.005556071489128331
2654,0,2,1,1,0,0,1,0.008683424665318924
1196,1,0,0,1,0,0,1,0.007510670892150208
4112,1,5,1,0,1,0,1,0.002156471311390757
2033,0,5,1,1,0,1,1,0.004388335003895979
1087,0,4,0,0,0,0,1,0.0022110705053574225
2387,1,2,0,0,1,0,0,0.003192767737706635
4203,1,0,0,0,0,0,0,0.006698000367327547
2638,0,4,1,1,1,1,0,0.005298310548652728
3429,0,3,0,0,0,1,0,0.0032830876919037076
4987,1,4,1,1,1,1,0,0.006207832115172597
1073,0,0,0,0,0,1,0,0.0028935288692674157
1430,0,5,1,1,0,0,1,0.006155351057163807
4964,1,0,1,0,1,0,0,0.0063133319058874225
3848,0,1,1,1,0,1,0,0.008819843519309752
4008,1,3,0,1,0,0,0,0.009183463266702777
4543,0,2,0,0,0,0,0,0.006959605241718387
1001,0,0,1,1,0,0,0,0.009268220829357736
3929,0,1,0,0,0,1,1,0.0037993339030528905
1034,1,1,1,1,1,1,1,0.0036051462759460074
3538,0,3,0,0,0,1,0,0.003371920634628921
4202,0,2,1,0,1,1,1,0.0025067757488208427
1638,0,2,0,1,1,1,0,0.0055036872294198635
4925,1,5,0,0,1,1,1,0.000560601294566
1666,0,1,0,1,1,1,0,0.006036685604288869
4804,0,5,0,1,1,1,1,0.005641778605553825
2548,0,4,1,1,1,1,0,0.005224962247319984
2028,0,1,0,0,0,1,0,0.0031616569411771693
4962,0,4,1,1,1,0,0,0.009450776357486606
1688,1,5,0,0,1,1,0,-0.0011658904515380233
1430,1,2,0,1,0,1,1,0.004422568996731602
2733,1,1,0,1,0,0,0,0.009164720137842081
3324,0,1,1,0,0,1,0,0.004217872480368696
4528,1,5,0,1,1,1,0,0.0053235768750323365
3557,1,4,0,0,1,1,1,-4.411398234846053e-05
2036,1,4,1,1,0,1,0,0.004807691910849262
279,0,0,0,0,1,0,0,0.003500014429219862
3741,1,3,0,1,1,0,1,0.007049392049320486
255,0,1,0,1,0,1,1,0.004980014175384355
356,0,3,0,1,0,0,1,0.006300419134612908
2152,1,4,0,0,0,1,0,0.0007273087924966138
2823,0,1,1,1,1,0,1,0.008326466280677784
4469,0,3,0,1,0,0,0,0.010564038664016388
679,0,0,0,1,0,0,1,0.008094194748314658
370,1,5,1,0,0,1,0,-0.0012351664772349983
4135,0,1,0,1,0,1,0,0.009053743102448617
329,0,0,0,0,1,0,0,0.0035407634855158317
1370,0,5,1,1,0,0,1,0.006106452189608644
3091,1,3,0,0,1,1,0,0.0009978858748134027
2621,1,5,1,1,1,0,1,0.005116255381604247
1972,0,4,0,0,0,0,0,0.0038439309602931165
1681,1,5,0,0,1,1,1,-0.0020831974779164947
1182,0,4,0,0,0,1,1,3.0044040122544947e-05
2993,0,4,0,1,1,0,1,0.006934476362054295
1782,0,1,0,0,0,1,0,0.0029611715842009995
1951,0,2,1,0,1,0,0,0.0038423050650705547
1241,0,3,0,0,1,1,0,0.0004950398901273079
1612,1,4,0,0,1,1,0,-0.0007176501137646351
380,0,3,0,1,1,1,0,0.003968262069670011
2405,1,4,1,1,0,0,0,0.0073668696185107355
3075,0,4,0,0,0,0,0,0.004742855142182202
4186,1,5,1,1,1,1,0,0.005044853329967906
2580,0,4,1,0,1,0,0,0.0033345703865873258
632,0,4,0,1,0,1,0,0.004668327508323213
521,0,3,1,1,1,1,0,0.004083174408424645
709,1,3,1,0,1,0,1,0.00040344834657360384
2338,0,1,1,0,1,0,1,0.0037562795056475845
2618,0,3,1,1,1,0,0,0.008050639501674822
4054,1,0,1,1,1,1,1,0.006576568179565822
3125,1,4,1,1,0,0,0,0.007953656029172695
186,1,2,1,0,1,0,0,0.0013989942795580614
1569,1,3,0,0,1,1,0,-0.0002425153988359057
1930,1,3,0,1,0,1,1,0.004319880656348033
1544,1,3,1,0,1,1,1,-0.001174492085480927
4720,0,5,0,1,0,0,0,0.00974824111993563
4541,0,4,1,1,1,1,0,0.006849219631277324
2329,0,2,1,0,0,1,1,0.0019851851982386074
2576,1,1,1,1,0,1,1,0.005866716270378483
874,0,1,0,0,1,0,1,0.0025631471373016
862,1,3,1,1,0,1,1,0.003449480813866127
1264,1,0,0,0,0,0,1,0.0033911686797534297
723,1,0,1,0,0,0,0,0.003861866049128076
2302,0,2,1,1,1,0,0,0.008303284369227558
876,1,5,0,1,1,0,0,0.00460571547537195
4837,1,0,0,1,0,0,0,0.011389619330119735
1952,0,0,1,1,0,1,1,0.006873216049412819
2105,0,0,0,1,0,0,1,0.009256357833875704
3002,0,3,0,0,0,0,1,0.0042819382648363125
449,0,5,0,1,1,0,1,0.004350985474372108
1880,0,2,0,0,0,1,0,0.0025308608311978373
991,0,0,0,1,0,1,0,0.007001621345901323
3865,1,0,0,0,0,1,0,0.004164087074569575
3541,1,1,0,1,1,0,0,0.008818355789320168
1169,0,2,0,1,1,0,1,0.006468308595063855
756,1,3,1,0,0,0,0,0.0023582237162536293
4675,0,2,1,0,0,0,1,0.006155580591842711
231,0,2,0,0,0,1,1,0.0002753547960597305
3631,1,5,0,0,0,1,1,0.0005108848158910913
2159,0,1,1,1,1,1,1,0.005526869140870092
903,1,1,1,1,1,0,1,0.005756833420647786
3611,0,3,1,0,1,0,0,0.004684994830753477
4899,0,0,1,0,0,0,0,0.008270096329232215
4012,1,2,0,1,1,1,0,0.006433583324087718
3726,0,5,1,0,1,0,0,0.0037583598535476824
1071,0,5,1,1,0,1,1,0.0036043231607615278
1011,1,1,1,1,0,1,0,0.005502872966811675
829,0,3,0,0,1,1,0,0.0001592676662485193
2646,1,0,1,0,0,1,0,0.0031706250820738406
1143,0,5,1,0,1,1,0,-0.0006051860668993166
129,1,3,1,0,0,1,1,-0.0013228212803920829
911,1,3,1,0,1,1,0,-0.0007787729796908636
448,0,4,0,1,0,0,1,0.00586521849485423
1915,1,3,1,1,1,0,0,0.006472838671888719
2746,1,0,1,1,0,0,1,0.00877389163732526
1331,0,1,1,0,1,0,1,0.0029355935118467605
3293,0,0,1,0,0,0,1,0.0060496344825086415
1739,1,3,0,1,1,1,1,0.0031593501630326516
741,0,2,0,1,1,1,1,0.0038610470009731376
2202,0,0,1,1,0,0,0,0.010247013161586922
3552,0,1,1,1,0,1,0,0.008578609106037614
166,0,3,0,1,1,1,0,0.003793856108723262
3251,0,1,1,1,0,0,1,0.009680147300836061
3019,0,4,0,1,0,0,1,0.007960534969592977
1257,0,4,1,1,0,0,1,0.006524538225723015
1209,0,3,1,1,0,0,0,0.007907200193519183
4926,0,0,0,0,0,0,1,0.007380498661135002
4443,1,1,0,0,0,1,0,0.004124967262007718
1995,0,4,1,1,0,0,0,0.008037596455148559
4397,1,4,1,1,1,0,1,0.007073840764580342
1973,1,5,0,0,1,0,0,0.0013248288415462217
3536,1,0,1,1,0,0,0,0.010329328885298611
4804,1,4,0,1,1,0,1,0.007405538082829533
3544,1,1,0,1,1,1,0,0.006562351060500708
3119,1,4,0,1,0,0,1,0.007037163983920142
2143,0,4,1,1,0,1,1,0.004988161831090374
1551,0,0,0,0,1,1,1,0.0013666185906950692
1038,1,2,0,1,1,0,0,0.006268279127800677
2163,1,4,0,1,1,1,0,0.003906325415576245
3705,0,3,0,1,1,1,1,0.005766472154854941
1325,1,5,0,0,0,0,1,0.0008899880117182015
1668,1,0,1,1,1,0,0,0.007802075043816416
2372,1,5,0,1,1,0,0,0.0058249272397473545
3095,1,1,0,1,1,1,1,0.005284822376465866
809,0,2,0,0,1,1,0,0.000653146947073394
1967,1,4,0,0,0,1,0,0.0005765372842015271
1710,1,3,1,1,1,0,0,0.006305767541075244
2457,0,3,0,1,0,0,0,0.00892429663866658
1260,1,2,0,0,1,0,1,0.001362681850298449
1381,1,2,1,0,1,1,0,0.00011444705283451123
1187,1,2,0,1,0,0,0,0.007394580413827445
2751,0,2,0,1,0,1,1,0.006504028162335886
1314,0,0,1,1,1,0,1,0.00760683866500869
3414,0,4,1,0,0,0,0,0.005019133743868874
3179,1,3,0,1,0,1,1,0.005337792082621349
2638,0,4,1,1,1,1,0,0.005298310548652728
967,1,0,1,0,0,1,0,0.0018022717716551875
2644,1,1,0,1,0,0,1,0.00818058465913822
2330,0,3,0,0,1,0,1,0.002729401849953705
4343,1,1,1,0,1,1,0,0.0030386000511510008
3439,1,0,0,0,1,0,1,0.0041588835303633205
3097,1,1,1,0,1,1,1,0.0011115314097584076
197,1,3,0,1,1,1,0,0.0028142514253619907
3066,0,2,1,1,0,1,0,0.007672349375497529
4138,1,2,1,1,0,0,1,0.008887987557918524
731,1,0,0,0,1,0,0,0.0028635167998706523
649,1,3,0,0,1,0,0,0.0012661516375154763
2953,1,0,0,0,0,0,0,0.005679273959928312
1949,0,5,0,0,1,0,0,0.0023101383927889296
656,0,4,0,1,1,0,0,0.00594146762927772
4184,1,1,1,1,1,0,1,0.008430786494789299
2199,1,3,1,1,1,1,1,0.00353424148095557
3950,0,5,0,1,0,0,1,0.008209103494480665
3364,1,4,0,1,0,1,1,0.0049783846875731735
1891,0,5,0,1,1,1,0,0.004179340744247683
4733,1,0,0,1,1,0,1,0.009388390036262306
2603,1,4,1,0,1,1,1,-0.0008216059764755562
4007,0,1,1,0,1,1,1,0.002858033332609824
1823,1,3,1,1,1,1,0,0.004139410736106916
1505,1,3,1,1,0,0,0,0.007143565508526548
3633,0,1,1,1,0,0,1,0.009991470090937267
4026,0,3,0,1,1,1,0,0.006939683254772101
2980,0,1,1,0,1,0,1,0.004279497388487832
3369,1,1,1,1,1,1,1,0.005508127204967779
449,0,4,0,0,0,1,0,0.000344265033320669
2907,1,1,1,1,0,0,0,0.009306526853752054
2683,1,5,0,1,1,0,1,0.0051667842114112485
3671,1,1,0,0,0,1,1,0.002584199674300915
4086,1,4,0,1,1,1,0,0.005473534120719228
4533,1,5,1,0,0,0,0,0.004416049622164634
4143,0,3,0,1,1,0,1,0.008381883560204853
3873,0,0,1,0,1,1,0,0.004170606923576924
3420,0,4,0,1,0,0,0,0.009198944559583687
4010,0,4,0,1,1,1,1,0.005504862494917093
218,0,1,1,1,0,1,1,0.004949859873725338
2022,0,4,0,0,1,0,0,0.0028798109183243072
2187,0,4,0,1,1,0,0,0.007189203733060303
2565,0,0,1,1,1,0,1,0.008626380053533845
2353,0,2,0,1,1,1,0,0.006086398734452226
4405,1,1,0,1,0,1,0,0.008268918908182078
4236,0,3,0,1,0,1,1,0.007204096230982915
2847,0,3,1,0,1,1,0,0.0018038995783538452
2505,1,0,1,0,0,1,0,0.003055712743319207
3386,1,3,0,0,1,0,0,0.0034967549791568415
97,0,0,1,1,1,1,1,0.004356556962567576
3698,0,2,1,1,1,1,1,0.006270946190316769
1784,0,2,0,1,0,0,1,0.007974391085769056
4739,0,0,1,0,0,0,1,0.007228097190588077
572,0,1,1,1,1,0,1,0.006491943766233242
1512,0,2,1,1,1,0,0,0.007659449279751241
4710,0,4,1,0,0,0,0,0.0060753492830604005
1290,0,5,0,0,1,0,1,0.0008614636723110166
114,1,3,1,1,0,1,1,0.0028398749316784246
1198,0,1,1,1,1,0,1,0.007002121951058779
4045,1,5,0,1,0,0,0,0.00819325976167527
866,1,5,1,1,1,1,0,0.002339115991915537
1282,1,2,1,1,1,0,1,0.005555532364027972
4098,1,2,0,1,1,1,1,0.0055920695424197505
3847,1,2,1,1,1,1,1,0.005387509279813984
1384,0,3,1,1,1,1,0,0.004786503120093077
808,0,0,0,0,1,1,0,0.001672689772633999
3528,0,4,1,0,1,1,0,0.0018487228217616862
2805,0,5,0,1,0,1,1,0.005017500433105747
2732,0,3,0,0,0,0,0,0.004973495519335114
2992,0,3,1,1,0,0,0,0.009360311541033452
4957,1,2,0,0,1,0,1,0.004375667072822427
952,1,4,0,0,1,1,0,-0.0012555376568714315
3180,0,3,0,1,0,1,1,0.006343476162012042
2866,0,2,0,1,1,0,1,0.007851331565749057
823,0,1,0,0,0,0,1,0.00352645219814449
2984,0,3,1,0,0,0,1,0.0042672686045697635
1081,0,0,1,1,0,0,0,0.009333419319431286
3800,1,4,1,1,1,0,0,0.007498899190903503
90,0,2,1,0,0,1,1,0.0001604424573050968
4717,1,1,1,0,0,1,0,0.004348272090509631
4938,1,2,0,1,0,0,1,0.009539972458654034
4628,1,5,0,0,1,0,1,0.002577001572365162
4331,1,2,1,1,1,1,0,0.006693562303256004
3573,0,3,1,1,0,0,0,0.009833815575192615
4341,0,5,1,1,0,0,0,0.009439363273212181
2987,1,2,0,0,0,0,1,0.003775023353026011
4515,0,4,1,1,0,1,1,0.006921297061771163
1290,0,2,0,1,0,1,1,0.00531334073736766
490,0,0,1,1,0,1,0,0.00659331580181571
4704,1,4,0,1,0,1,1,0.006070459396305154
3395,1,4,1,0,0,0,0,0.003998780004211632
1318,0,5,0,1,0,1,1,0.0038056234988636164
1808,1,2,1,0,0,0,0,0.0037257627640640877
3996,0,4,1,1,0,1,0,0.007409924015916036
147,1,1,1,1,0,0,1,0.006145576787717507
3990,0,1,1,0,1,0,0,0.0060142304841634495
3460,1,5,1,0,1,0,0,0.0025367057757883517
2810,0,5,1,0,1,0,1,0.002100234983708487
4966,0,5,1,0,0,0,1,0.004862203389455466
4217,1,2,1,0,1,0,1,0.0037725810396420792
1216,1,2,1,0,0,0,1,0.0023316917790227746
4338,0,0,1,0,0,0,0,0.007812891917591437
4066,0,1,1,1,0,0,0,0.011255959076957398
3697,1,2,1,1,0,1,1,0.006270131209190855
1274,0,4,1,1,0,0,1,0.006538392904863645
922,0,1,1,1,1,1,0,0.005430339646604845
850,0,4,1,1,0,0,1,0.006192840907473824
4971,0,5,1,1,1,0,1,0.008036330125779582
4873,1,1,1,0,0,0,0,0.006733858818350274
594,1,5,0,0,0,1,0,-0.001052610705029055
1291,1,5,1,0,0,0,0,0.0017738808119339778
3885,1,2,1,0,0,0,0,0.005418478562598657
2351,1,5,1,0,0,0,1,0.0017261586469114933
2176,1,2,0,1,1,0,0,0.007195727649096942
4236,0,5,0,1,0,0,1,0.00844218809649361
3262,1,0,1,1,1,0,1,0.008189552800034885
3064,0,1,0,1,1,1,1,0.006264427059827138
4199,1,4,1,0,0,1,1,0.0014839729987565662
2228,0,5,0,0,0,1,1,0.00037233539449096215
4179,1,4,1,1,1,1,0,0.005549327365429731
3108,1,1,0,0,1,0,1,0.003378945874340741
3561,1,1,1,0,0,0,1,0.004753001422647002
1132,1,2,1,0,0,0,1,0.0022632333644455457
1009,0,5,1,0,0,0,0,0.002548925232689483
980,0,2,0,0,0,1,1,0.0008857756593733529
4049,0,2,1,1,0,1,0,0.008473475822276288
3114,0,2,0,0,0,0,0,0.005794997212779582
3879,1,1,0,1,1,0,0,0.00909381940988092
2701,1,2,1,1,0,0,1,0.007716859679972363
2192,1,0,0,0,1,0,0,0.004054204224838879
3030,0,3,0,1,0,1,0,0.00713283115162117
3428,0,1,0,0,1,1,0,0.003297761419199534
94,1,4,0,0,0,0,0,0.0013085273075517322
4602,1,5,0,1,1,1,0,0.005383885478350371
4242,0,4,0,0,1,1,1,0.0015190171871710938
4893,1,2,1,0,0,0,1,0.005328377379028365
3416,1,1,1,0,0,1,1,0.0023763794871914713
162,0,5,0,0,0,1,0,-0.00039981345316145774
1034,1,5,0,1,1,1,1,0.0015644306625729582
4387,0,1,1,0,0,0,1,0.0064310449309211894
3615,1,0,1,0,1,0,1,0.004302320208525132
1599,1,0,1,0,0,1,1,0.0014057376847392052
4318,0,4,1,1,1,0,1,0.008014326353897483
3595,1,0,0,0,0,0,1,0.005290889684271523
1658,0,2,1,1,1,0,1,0.006866834365638435
1636,0,2,0,1,1,1,0,0.005502057267168025
3702,0,4,0,1,1,0,1,0.00751229798033114
3035,0,0,1,1,0,0,0,0.010925892439477771
441,1,1,1,0,0,0,1,0.002210260309778511
244,1,1,0,1,1,1,1,0.0029613111864696903
271,0,0,0,0,0,1,1,0.0013283118477830308
2746,0,5,0,0,1,1,1,-0.00021037348054757377
2994,1,5,0,1,1,0,1,0.0054202433415721785
3297,0,1,1,0,1,1,1,0.0022793967332070584
3569,1,0,0,0,1,0,0,0.005176433235229877
567,1,0,0,0,0,0,1,0.002823126834987616
3056,0,1,1,0,1,1,1,0.002082986281860486
4684,1,4,1,0,1,1,1,0.00087436974656269
369,0,3,1,1,1,1,0,0.003959297277284898
4614,1,5,0,1,0,0,0,0.008656984022323401
579,0,3,0,1,0,1,1,0.004223710253495713
50,0,5,0,0,1,1,0,-0.0014959604375292083
1032,1,3,1,1,1,1,1,0.0025831585070076437
4702,1,4,1,1,0,1,1,0.006068829434053315
4274,0,3,0,1,1,0,1,0.008488646087700292
1391,1,0,0,0,0,1,1,0.0012362216105479724
2250,1,0,1,1,1,0,1,0.007364791900604465
337,0,0,0,0,1,0,1,0.002635681176026151
2393,0,2,1,0,0,0,1,0.004295793662494668
302,0,4,0,0,0,0,0,0.002482912480007738
2496,0,4,1,0,0,0,0,0.004270981070274876
4696,0,5,1,1,1,1,1,0.005553760643954532
3712,0,2,1,1,0,1,0,0.008198827182841454
1307,0,5,1,0,1,1,1,-0.0013831313207455734
4232,0,2,1,1,0,0,1,0.009969464882019718
4545,1,1,0,1,0,1,1,0.007471414107313758
2177,0,0,0,0,0,1,0,0.0037932680322824205
1183,0,1,1,1,1,1,0,0.005643049720469804
1240,1,0,1,1,0,0,1,0.007546530061690661
1470,0,0,0,1,1,0,0,0.00864557787914915
877,1,1,0,1,1,0,0,0.006647246069870918
2518,1,0,0,0,0,1,0,0.003066307497956159
1114,1,3,1,0,0,1,1,-0.0005200648713614845
2562,1,3,0,0,0,0,0,0.003830079629664044
3986,1,5,0,0,0,1,0,0.0017118052740895096
2034,0,2,1,1,0,1,0,0.006831288853548721
1417,0,0,0,1,0,1,0,0.0073488033055429825
3578,1,4,1,1,1,0,0,0.007317973380949399
3098,0,1,1,1,1,1,0,0.007203738576605433
2772,0,2,0,1,1,1,1,0.005516273667715415
4165,1,3,1,0,0,0,0,0.005136494374512824
3310,1,1,0,0,1,1,0,0.002196724548076273
1693,0,2,1,1,0,0,1,0.007900227803310393
3530,1,5,0,1,1,1,0,0.004510225711364786
3037,1,5,1,1,0,1,0,0.005113309114551308
48,0,2,1,1,1,0,1,0.005554714752908221
4222,1,5,1,0,1,1,0,0.0008992717215417058
1232,0,1,1,1,1,1,0,0.005682983795639855
1552,1,5,0,1,1,1,0,0.002898193044296237
3547,1,0,1,0,1,0,0,0.00515850365045965
1538,0,0,0,1,1,0,0,0.00870099659571167
4467,1,4,0,0,0,1,1,0.0017023879405029616
306,1,3,1,0,1,0,0,0.000986613111325126
4880,1,0,0,1,0,1,0,0.00916621384633705
1690,1,3,1,0,0,0,1,0.002207813929365302
887,0,4,1,0,1,1,0,-0.0003036423317914179
1206,0,2,0,0,0,0,0,0.0042400132245253895
3665,1,4,1,1,0,1,0,0.006135296164971944
3343,0,5,0,1,1,0,1,0.006709540852782818
2436,0,5,1,1,0,0,0,0.007886824228335747
1424,0,1,1,1,0,1,1,0.005932727111584121
3768,0,1,1,1,1,1,1,0.006838173772474388
2896,0,1,1,1,0,0,1,0.009390829001134679
4071,0,1,1,0,1,1,0,0.003821794283165701
3636,0,5,0,1,1,1,1,0.004689880650479979
2897,0,1,1,0,0,0,0,0.006128325211798337
3220,0,5,0,1,0,1,0,0.006267319758859328
618,1,2,0,0,0,0,1,0.00184433306572298
4772,1,5,1,1,0,0,1,0.007874148881721629
1866,1,5,0,0,0,1,1,-0.0009275568713566287
1393,0,3,0,0,1,1,0,0.0006189170212670546
1932,0,0,1,0,0,0,0,0.005852047328629389
4772,0,2,0,0,0,0,1,0.006234633761056892
4817,0,5,0,0,0,1,0,0.003393923687993294
3579,1,4,1,0,0,1,0,0.0018902868591835808
2198,0,5,1,1,1,0,0,0.006687989622102155
2795,1,4,0,0,1,1,1,-0.0006651296002990349
2950,0,4,1,0,1,1,0,0.00137766373098028
3963,1,5,0,1,0,0,0,0.008126431309349879
2959,1,2,0,1,0,0,1,0.007927124810459565
4887,1,4,0,1,1,1,0,0.0061263340025806585
4489,0,5,0,1,1,0,0,0.008555111381583472
4546,1,2,0,0,1,0,1,0.004040709830069558
1103,0,0,1,1,1,0,1,0.007434877647439699
155,1,0,1,1,0,0,1,0.006662275540068125
2601,1,0,1,0,1,0,0,0.004387531505339909
3806,0,3,1,0,1,0,0,0.004843916150307758
3474,0,1,1,0,1,1,0,0.0033352505509918256
1906,1,3,1,1,0,0,1,0.006558770781523187
2929,0,1,1,1,1,0,0,0.009324456438522276
4438,1,5,0,0,0,1,0,0.0020801767430050733
374,0,4,0,0,0,0,1,0.0016299889625768981
1935,0,1,1,1,0,1,1,0.006349182466928928
1161,1,1,1,1,1,0,1,0.005967098551134989
132,0,0,1,0,0,0,0,0.004385081301974491
4160,1,0,0,1,1,1,1,0.006662956178913277
4156,0,2,0,0,1,1,0,0.0033808887755255868
2898,1,4,1,1,1,0,1,0.005852184056827179
1410,1,0,0,1,1,1,1,0.004421758082634959
4947,1,4,1,1,1,0,0,0.008433682542333041
1480,0,3,0,1,1,0,0,0.007123190980378558
1389,0,0,1,0,0,0,1,0.004497910418758126
2862,1,1,0,0,0,0,0,0.005094931774126385
3822,0,2,1,1,0,0,0,0.010546924778889806
66,0,2,0,1,1,0,0,0.006480986571671806
1553,0,2,1,0,0,0,0,0.004522811675219417
3802,1,4,1,0,1,1,1,0.00015555639350178958
3494,0,4,0,0,1,1,0,0.0018210134634804266
1155,1,1,0,1,0,1,1,0.004708628090447032
501,0,4,1,0,0,0,1,0.0017334915655686607
3977,1,1,0,0,0,1,0,0.0037451860573292834
2977,1,1,0,1,1,0,0,0.008358706434301633
3604,0,3,1,1,1,0,1,0.007942608733334303
337,0,5,0,1,0,1,0,0.003917729172833732
4241,1,1,1,0,0,1,1,0.0030487389160749664
843,0,4,1,0,0,0,0,0.002923817269130127
4240,1,2,0,1,0,0,1,0.008971115632762301
2525,0,5,0,1,0,1,1,0.004789305717848318
1685,0,5,0,1,0,0,1,0.006363171244273251
1918,1,4,1,0,1,1,1,-0.0013798680477303382
555,0,1,0,1,0,0,0,0.008394560343854426
2604,0,3,0,1,0,1,0,0.00678564919197951
3281,1,2,0,1,0,0,1,0.008189548733005609
4513,0,0,1,1,0,1,0,0.009871984871389409
1295,0,5,0,0,0,1,1,-0.00038804199599182677
4333,1,2,1,1,0,0,0,0.00995851103596984
4070,0,4,1,1,0,0,1,0.008817080132934254
2831,0,2,0,0,1,1,1,0.001389436625185361
4439,1,4,0,1,1,1,0,0.005761222458168774
3743,1,2,0,1,0,0,1,0.008566070013180365
4998,1,4,0,0,0,0,1,0.004393592590563376
1591,0,4,0,1,1,0,0,0.006703474982012348
4147,1,4,0,1,0,0,0,0.00878656673986231
2590,0,2,0,0,1,0,0,0.0043630780045330435
572,0,1,0,1,1,1,0,0.005145096252533059
2871,0,2,1,0,0,0,1,0.004685354640684135
4624,0,3,1,1,0,0,1,0.009778758580036857
2665,0,4,1,1,1,0,0,0.007578764711249771
4371,1,3,0,0,1,0,0,0.0042995113881874394
2290,1,1,0,1,0,1,1,0.0056336316683655374
2220,1,2,1,0,0,0,1,0.0031499328294458404
871,1,1,0,0,1,1,1,-0.0007026165765381502
315,0,1,0,0,0,1,0,0.0017655942724772574
2984,1,0,0,1,0,1,1,0.006709407473096855
4913,1,5,0,1,1,0,1,0.006984192122211484
3136,1,0,0,0,0,0,0,0.00582841550597156
219,1,2,0,0,1,1,1,-0.001744163173980854
1891,0,5,0,0,0,1,1,9.768675505612834e-05
167,1,3,1,0,0,0,0,0.0018781998330871098
2730,0,1,0,0,1,0,1,0.004075752107007984
1853,0,5,1,1,0,0,1,0.006500088073427709
4797,1,0,0,1,0,0,0,0.01135702008508296
4740,0,4,0,1,0,0,1,0.009363117487300244
4599,1,2,0,1,0,0,1,0.009263693856967362
4580,0,5,0,0,0,1,1,0.002289171002653363
4517,0,0,1,1,1,1,1,0.007958773539131271
670,1,3,1,0,0,1,0,2.9685667227342602e-05
1052,1,2,1,0,0,1,0,0.0008511873606718112
4540,0,4,1,0,0,1,1,0.0027667506609598503
3678,1,4,1,0,0,1,1,0.001059367832152565
1610,0,0,1,1,0,0,1,0.008852942176545607
318,1,4,1,0,1,0,1,-0.0004253881770041393
1450,0,4,0,1,1,1,1,0.0034185108125634597
4298,1,3,1,0,1,1,0,0.0019815680937981042
117,0,5,1,1,1,0,0,0.0049920138990639075
1532,0,1,0,0,1,1,0,0.0017525572044563738
740,0,3,0,0,0,1,0,0.0010916034443064727
4984,1,2,0,0,1,0,1,0.00439767156322225
1549,0,3,0,1,1,1,0,0.004920975005869776
1851,1,5,0,0,0,1,0,-2.8179429748384152e-05
1282,0,1,1,1,0,0,1,0.008075449463900786
4024,1,3,0,0,1,1,0,0.0017582632652961916
